{
    "name": "All Requests",
    "numberOfRequests": {
        "total": 108,
        "ok": 106,
        "ko": 2
    },
    "minResponseTime": {
        "total": 144,
        "ok": 144,
        "ko": 145
    },
    "maxResponseTime": {
        "total": 768,
        "ok": 768,
        "ko": 151
    },
    "meanResponseTime": {
        "total": 200,
        "ok": 201,
        "ko": 148
    },
    "standardDeviation": {
        "total": 121,
        "ok": 121,
        "ko": 3
    },
    "percentiles1": {
        "total": 152,
        "ok": 152,
        "ko": 148
    },
    "percentiles2": {
        "total": 172,
        "ok": 172,
        "ko": 150
    },
    "percentiles3": {
        "total": 497,
        "ok": 498,
        "ko": 151
    },
    "percentiles4": {
        "total": 632,
        "ok": 633,
        "ko": 151
    },
    "group1": {
    "name": "t < 800 ms",
    "htmlName": "t < 800 ms",
    "count": 106,
    "percentage": 98
},
    "group2": {
    "name": "800 ms <= t < 1200 ms",
    "htmlName": "t >= 800 ms <br> t < 1200 ms",
    "count": 0,
    "percentage": 0
},
    "group3": {
    "name": "t >= 1200 ms",
    "htmlName": "t >= 1200 ms",
    "count": 0,
    "percentage": 0
},
    "group4": {
    "name": "failed",
    "htmlName": "failed",
    "count": 2,
    "percentage": 2
},
    "meanNumberOfRequestsPerSecond": {
        "total": 6.0,
        "ok": 5.888888888888889,
        "ko": 0.1111111111111111
    }
}