{
  "type": "GROUP",
"name": "All Requests",
"path": "",
"pathFormatted": "group_missing-name--1146707516",
"stats": {
    "name": "All Requests",
    "numberOfRequests": {
        "total": 108,
        "ok": 106,
        "ko": 2
    },
    "minResponseTime": {
        "total": 144,
        "ok": 144,
        "ko": 145
    },
    "maxResponseTime": {
        "total": 768,
        "ok": 768,
        "ko": 151
    },
    "meanResponseTime": {
        "total": 200,
        "ok": 201,
        "ko": 148
    },
    "standardDeviation": {
        "total": 121,
        "ok": 121,
        "ko": 3
    },
    "percentiles1": {
        "total": 152,
        "ok": 152,
        "ko": 148
    },
    "percentiles2": {
        "total": 172,
        "ok": 172,
        "ko": 150
    },
    "percentiles3": {
        "total": 497,
        "ok": 498,
        "ko": 151
    },
    "percentiles4": {
        "total": 632,
        "ok": 633,
        "ko": 151
    },
    "group1": {
    "name": "t < 800 ms",
    "htmlName": "t < 800 ms",
    "count": 106,
    "percentage": 98
},
    "group2": {
    "name": "800 ms <= t < 1200 ms",
    "htmlName": "t >= 800 ms <br> t < 1200 ms",
    "count": 0,
    "percentage": 0
},
    "group3": {
    "name": "t >= 1200 ms",
    "htmlName": "t >= 1200 ms",
    "count": 0,
    "percentage": 0
},
    "group4": {
    "name": "failed",
    "htmlName": "failed",
    "count": 2,
    "percentage": 2
},
    "meanNumberOfRequestsPerSecond": {
        "total": 6.0,
        "ok": 5.888888888888889,
        "ko": 0.1111111111111111
    }
},
"contents": {
"req_home-2255103": {
        "type": "REQUEST",
        "name": "Home",
"path": "Home",
"pathFormatted": "req_home-2255103",
"stats": {
    "name": "Home",
    "numberOfRequests": {
        "total": 12,
        "ok": 12,
        "ko": 0
    },
    "minResponseTime": {
        "total": 440,
        "ok": 440,
        "ko": 0
    },
    "maxResponseTime": {
        "total": 768,
        "ok": 768,
        "ko": 0
    },
    "meanResponseTime": {
        "total": 522,
        "ok": 522,
        "ko": 0
    },
    "standardDeviation": {
        "total": 96,
        "ok": 96,
        "ko": 0
    },
    "percentiles1": {
        "total": 497,
        "ok": 497,
        "ko": 0
    },
    "percentiles2": {
        "total": 567,
        "ok": 567,
        "ko": 0
    },
    "percentiles3": {
        "total": 695,
        "ok": 695,
        "ko": 0
    },
    "percentiles4": {
        "total": 753,
        "ok": 753,
        "ko": 0
    },
    "group1": {
    "name": "t < 800 ms",
    "htmlName": "t < 800 ms",
    "count": 12,
    "percentage": 100
},
    "group2": {
    "name": "800 ms <= t < 1200 ms",
    "htmlName": "t >= 800 ms <br> t < 1200 ms",
    "count": 0,
    "percentage": 0
},
    "group3": {
    "name": "t >= 1200 ms",
    "htmlName": "t >= 1200 ms",
    "count": 0,
    "percentage": 0
},
    "group4": {
    "name": "failed",
    "htmlName": "failed",
    "count": 0,
    "percentage": 0
},
    "meanNumberOfRequestsPerSecond": {
        "total": 0.6666666666666666,
        "ok": 0.6666666666666666,
        "ko": 0
    }
}
    },"req_home-redirect-1-898038478": {
        "type": "REQUEST",
        "name": "Home Redirect 1",
"path": "Home Redirect 1",
"pathFormatted": "req_home-redirect-1-898038478",
"stats": {
    "name": "Home Redirect 1",
    "numberOfRequests": {
        "total": 12,
        "ok": 12,
        "ko": 0
    },
    "minResponseTime": {
        "total": 152,
        "ok": 152,
        "ko": 0
    },
    "maxResponseTime": {
        "total": 265,
        "ok": 265,
        "ko": 0
    },
    "meanResponseTime": {
        "total": 187,
        "ok": 187,
        "ko": 0
    },
    "standardDeviation": {
        "total": 45,
        "ok": 45,
        "ko": 0
    },
    "percentiles1": {
        "total": 155,
        "ok": 155,
        "ko": 0
    },
    "percentiles2": {
        "total": 217,
        "ok": 217,
        "ko": 0
    },
    "percentiles3": {
        "total": 265,
        "ok": 265,
        "ko": 0
    },
    "percentiles4": {
        "total": 265,
        "ok": 265,
        "ko": 0
    },
    "group1": {
    "name": "t < 800 ms",
    "htmlName": "t < 800 ms",
    "count": 12,
    "percentage": 100
},
    "group2": {
    "name": "800 ms <= t < 1200 ms",
    "htmlName": "t >= 800 ms <br> t < 1200 ms",
    "count": 0,
    "percentage": 0
},
    "group3": {
    "name": "t >= 1200 ms",
    "htmlName": "t >= 1200 ms",
    "count": 0,
    "percentage": 0
},
    "group4": {
    "name": "failed",
    "htmlName": "failed",
    "count": 0,
    "percentage": 0
},
    "meanNumberOfRequestsPerSecond": {
        "total": 0.6666666666666666,
        "ok": 0.6666666666666666,
        "ko": 0
    }
}
    },"req_search--1822469688": {
        "type": "REQUEST",
        "name": "Search",
"path": "Search",
"pathFormatted": "req_search--1822469688",
"stats": {
    "name": "Search",
    "numberOfRequests": {
        "total": 12,
        "ok": 12,
        "ko": 0
    },
    "minResponseTime": {
        "total": 144,
        "ok": 144,
        "ko": 0
    },
    "maxResponseTime": {
        "total": 189,
        "ok": 189,
        "ko": 0
    },
    "meanResponseTime": {
        "total": 158,
        "ok": 158,
        "ko": 0
    },
    "standardDeviation": {
        "total": 13,
        "ok": 13,
        "ko": 0
    },
    "percentiles1": {
        "total": 152,
        "ok": 152,
        "ko": 0
    },
    "percentiles2": {
        "total": 160,
        "ok": 160,
        "ko": 0
    },
    "percentiles3": {
        "total": 184,
        "ok": 184,
        "ko": 0
    },
    "percentiles4": {
        "total": 188,
        "ok": 188,
        "ko": 0
    },
    "group1": {
    "name": "t < 800 ms",
    "htmlName": "t < 800 ms",
    "count": 12,
    "percentage": 100
},
    "group2": {
    "name": "800 ms <= t < 1200 ms",
    "htmlName": "t >= 800 ms <br> t < 1200 ms",
    "count": 0,
    "percentage": 0
},
    "group3": {
    "name": "t >= 1200 ms",
    "htmlName": "t >= 1200 ms",
    "count": 0,
    "percentage": 0
},
    "group4": {
    "name": "failed",
    "htmlName": "failed",
    "count": 0,
    "percentage": 0
},
    "meanNumberOfRequestsPerSecond": {
        "total": 0.6666666666666666,
        "ok": 0.6666666666666666,
        "ko": 0
    }
}
    },"req_select--1822154468": {
        "type": "REQUEST",
        "name": "Select",
"path": "Select",
"pathFormatted": "req_select--1822154468",
"stats": {
    "name": "Select",
    "numberOfRequests": {
        "total": 12,
        "ok": 12,
        "ko": 0
    },
    "minResponseTime": {
        "total": 146,
        "ok": 146,
        "ko": 0
    },
    "maxResponseTime": {
        "total": 220,
        "ok": 220,
        "ko": 0
    },
    "meanResponseTime": {
        "total": 164,
        "ok": 164,
        "ko": 0
    },
    "standardDeviation": {
        "total": 25,
        "ok": 25,
        "ko": 0
    },
    "percentiles1": {
        "total": 155,
        "ok": 155,
        "ko": 0
    },
    "percentiles2": {
        "total": 160,
        "ok": 160,
        "ko": 0
    },
    "percentiles3": {
        "total": 219,
        "ok": 219,
        "ko": 0
    },
    "percentiles4": {
        "total": 220,
        "ok": 220,
        "ko": 0
    },
    "group1": {
    "name": "t < 800 ms",
    "htmlName": "t < 800 ms",
    "count": 12,
    "percentage": 100
},
    "group2": {
    "name": "800 ms <= t < 1200 ms",
    "htmlName": "t >= 800 ms <br> t < 1200 ms",
    "count": 0,
    "percentage": 0
},
    "group3": {
    "name": "t >= 1200 ms",
    "htmlName": "t >= 1200 ms",
    "count": 0,
    "percentage": 0
},
    "group4": {
    "name": "failed",
    "htmlName": "failed",
    "count": 0,
    "percentage": 0
},
    "meanNumberOfRequestsPerSecond": {
        "total": 0.6666666666666666,
        "ok": 0.6666666666666666,
        "ko": 0
    }
}
    },"req_page-0--1911887105": {
        "type": "REQUEST",
        "name": "Page 0",
"path": "Page 0",
"pathFormatted": "req_page-0--1911887105",
"stats": {
    "name": "Page 0",
    "numberOfRequests": {
        "total": 12,
        "ok": 12,
        "ko": 0
    },
    "minResponseTime": {
        "total": 145,
        "ok": 145,
        "ko": 0
    },
    "maxResponseTime": {
        "total": 183,
        "ok": 183,
        "ko": 0
    },
    "meanResponseTime": {
        "total": 159,
        "ok": 159,
        "ko": 0
    },
    "standardDeviation": {
        "total": 13,
        "ok": 13,
        "ko": 0
    },
    "percentiles1": {
        "total": 154,
        "ok": 154,
        "ko": 0
    },
    "percentiles2": {
        "total": 170,
        "ok": 170,
        "ko": 0
    },
    "percentiles3": {
        "total": 181,
        "ok": 181,
        "ko": 0
    },
    "percentiles4": {
        "total": 183,
        "ok": 183,
        "ko": 0
    },
    "group1": {
    "name": "t < 800 ms",
    "htmlName": "t < 800 ms",
    "count": 12,
    "percentage": 100
},
    "group2": {
    "name": "800 ms <= t < 1200 ms",
    "htmlName": "t >= 800 ms <br> t < 1200 ms",
    "count": 0,
    "percentage": 0
},
    "group3": {
    "name": "t >= 1200 ms",
    "htmlName": "t >= 1200 ms",
    "count": 0,
    "percentage": 0
},
    "group4": {
    "name": "failed",
    "htmlName": "failed",
    "count": 0,
    "percentage": 0
},
    "meanNumberOfRequestsPerSecond": {
        "total": 0.6666666666666666,
        "ok": 0.6666666666666666,
        "ko": 0
    }
}
    },"req_page-1--1911887104": {
        "type": "REQUEST",
        "name": "Page 1",
"path": "Page 1",
"pathFormatted": "req_page-1--1911887104",
"stats": {
    "name": "Page 1",
    "numberOfRequests": {
        "total": 12,
        "ok": 12,
        "ko": 0
    },
    "minResponseTime": {
        "total": 146,
        "ok": 146,
        "ko": 0
    },
    "maxResponseTime": {
        "total": 172,
        "ok": 172,
        "ko": 0
    },
    "meanResponseTime": {
        "total": 154,
        "ok": 154,
        "ko": 0
    },
    "standardDeviation": {
        "total": 7,
        "ok": 7,
        "ko": 0
    },
    "percentiles1": {
        "total": 152,
        "ok": 152,
        "ko": 0
    },
    "percentiles2": {
        "total": 157,
        "ok": 157,
        "ko": 0
    },
    "percentiles3": {
        "total": 165,
        "ok": 165,
        "ko": 0
    },
    "percentiles4": {
        "total": 171,
        "ok": 171,
        "ko": 0
    },
    "group1": {
    "name": "t < 800 ms",
    "htmlName": "t < 800 ms",
    "count": 12,
    "percentage": 100
},
    "group2": {
    "name": "800 ms <= t < 1200 ms",
    "htmlName": "t >= 800 ms <br> t < 1200 ms",
    "count": 0,
    "percentage": 0
},
    "group3": {
    "name": "t >= 1200 ms",
    "htmlName": "t >= 1200 ms",
    "count": 0,
    "percentage": 0
},
    "group4": {
    "name": "failed",
    "htmlName": "failed",
    "count": 0,
    "percentage": 0
},
    "meanNumberOfRequestsPerSecond": {
        "total": 0.6666666666666666,
        "ok": 0.6666666666666666,
        "ko": 0
    }
}
    },"req_page-2--1911887103": {
        "type": "REQUEST",
        "name": "Page 2",
"path": "Page 2",
"pathFormatted": "req_page-2--1911887103",
"stats": {
    "name": "Page 2",
    "numberOfRequests": {
        "total": 12,
        "ok": 12,
        "ko": 0
    },
    "minResponseTime": {
        "total": 145,
        "ok": 145,
        "ko": 0
    },
    "maxResponseTime": {
        "total": 154,
        "ok": 154,
        "ko": 0
    },
    "meanResponseTime": {
        "total": 149,
        "ok": 149,
        "ko": 0
    },
    "standardDeviation": {
        "total": 3,
        "ok": 3,
        "ko": 0
    },
    "percentiles1": {
        "total": 149,
        "ok": 149,
        "ko": 0
    },
    "percentiles2": {
        "total": 152,
        "ok": 152,
        "ko": 0
    },
    "percentiles3": {
        "total": 153,
        "ok": 153,
        "ko": 0
    },
    "percentiles4": {
        "total": 154,
        "ok": 154,
        "ko": 0
    },
    "group1": {
    "name": "t < 800 ms",
    "htmlName": "t < 800 ms",
    "count": 12,
    "percentage": 100
},
    "group2": {
    "name": "800 ms <= t < 1200 ms",
    "htmlName": "t >= 800 ms <br> t < 1200 ms",
    "count": 0,
    "percentage": 0
},
    "group3": {
    "name": "t >= 1200 ms",
    "htmlName": "t >= 1200 ms",
    "count": 0,
    "percentage": 0
},
    "group4": {
    "name": "failed",
    "htmlName": "failed",
    "count": 0,
    "percentage": 0
},
    "meanNumberOfRequestsPerSecond": {
        "total": 0.6666666666666666,
        "ok": 0.6666666666666666,
        "ko": 0
    }
}
    },"req_page-3--1911887102": {
        "type": "REQUEST",
        "name": "Page 3",
"path": "Page 3",
"pathFormatted": "req_page-3--1911887102",
"stats": {
    "name": "Page 3",
    "numberOfRequests": {
        "total": 12,
        "ok": 12,
        "ko": 0
    },
    "minResponseTime": {
        "total": 146,
        "ok": 146,
        "ko": 0
    },
    "maxResponseTime": {
        "total": 178,
        "ok": 178,
        "ko": 0
    },
    "meanResponseTime": {
        "total": 151,
        "ok": 151,
        "ko": 0
    },
    "standardDeviation": {
        "total": 8,
        "ok": 8,
        "ko": 0
    },
    "percentiles1": {
        "total": 149,
        "ok": 149,
        "ko": 0
    },
    "percentiles2": {
        "total": 152,
        "ok": 152,
        "ko": 0
    },
    "percentiles3": {
        "total": 164,
        "ok": 164,
        "ko": 0
    },
    "percentiles4": {
        "total": 175,
        "ok": 175,
        "ko": 0
    },
    "group1": {
    "name": "t < 800 ms",
    "htmlName": "t < 800 ms",
    "count": 12,
    "percentage": 100
},
    "group2": {
    "name": "800 ms <= t < 1200 ms",
    "htmlName": "t >= 800 ms <br> t < 1200 ms",
    "count": 0,
    "percentage": 0
},
    "group3": {
    "name": "t >= 1200 ms",
    "htmlName": "t >= 1200 ms",
    "count": 0,
    "percentage": 0
},
    "group4": {
    "name": "failed",
    "htmlName": "failed",
    "count": 0,
    "percentage": 0
},
    "meanNumberOfRequestsPerSecond": {
        "total": 0.6666666666666666,
        "ok": 0.6666666666666666,
        "ko": 0
    }
}
    },"req_form-2195684": {
        "type": "REQUEST",
        "name": "Form",
"path": "Form",
"pathFormatted": "req_form-2195684",
"stats": {
    "name": "Form",
    "numberOfRequests": {
        "total": 4,
        "ok": 4,
        "ko": 0
    },
    "minResponseTime": {
        "total": 144,
        "ok": 144,
        "ko": 0
    },
    "maxResponseTime": {
        "total": 193,
        "ok": 193,
        "ko": 0
    },
    "meanResponseTime": {
        "total": 158,
        "ok": 158,
        "ko": 0
    },
    "standardDeviation": {
        "total": 21,
        "ok": 21,
        "ko": 0
    },
    "percentiles1": {
        "total": 147,
        "ok": 147,
        "ko": 0
    },
    "percentiles2": {
        "total": 160,
        "ok": 160,
        "ko": 0
    },
    "percentiles3": {
        "total": 186,
        "ok": 186,
        "ko": 0
    },
    "percentiles4": {
        "total": 192,
        "ok": 192,
        "ko": 0
    },
    "group1": {
    "name": "t < 800 ms",
    "htmlName": "t < 800 ms",
    "count": 4,
    "percentage": 100
},
    "group2": {
    "name": "800 ms <= t < 1200 ms",
    "htmlName": "t >= 800 ms <br> t < 1200 ms",
    "count": 0,
    "percentage": 0
},
    "group3": {
    "name": "t >= 1200 ms",
    "htmlName": "t >= 1200 ms",
    "count": 0,
    "percentage": 0
},
    "group4": {
    "name": "failed",
    "htmlName": "failed",
    "count": 0,
    "percentage": 0
},
    "meanNumberOfRequestsPerSecond": {
        "total": 0.2222222222222222,
        "ok": 0.2222222222222222,
        "ko": 0
    }
}
    },"req_post-2493632": {
        "type": "REQUEST",
        "name": "Post",
"path": "Post",
"pathFormatted": "req_post-2493632",
"stats": {
    "name": "Post",
    "numberOfRequests": {
        "total": 4,
        "ok": 4,
        "ko": 0
    },
    "minResponseTime": {
        "total": 145,
        "ok": 145,
        "ko": 0
    },
    "maxResponseTime": {
        "total": 153,
        "ok": 153,
        "ko": 0
    },
    "meanResponseTime": {
        "total": 149,
        "ok": 149,
        "ko": 0
    },
    "standardDeviation": {
        "total": 3,
        "ok": 3,
        "ko": 0
    },
    "percentiles1": {
        "total": 149,
        "ok": 149,
        "ko": 0
    },
    "percentiles2": {
        "total": 152,
        "ok": 152,
        "ko": 0
    },
    "percentiles3": {
        "total": 153,
        "ok": 153,
        "ko": 0
    },
    "percentiles4": {
        "total": 153,
        "ok": 153,
        "ko": 0
    },
    "group1": {
    "name": "t < 800 ms",
    "htmlName": "t < 800 ms",
    "count": 4,
    "percentage": 100
},
    "group2": {
    "name": "800 ms <= t < 1200 ms",
    "htmlName": "t >= 800 ms <br> t < 1200 ms",
    "count": 0,
    "percentage": 0
},
    "group3": {
    "name": "t >= 1200 ms",
    "htmlName": "t >= 1200 ms",
    "count": 0,
    "percentage": 0
},
    "group4": {
    "name": "failed",
    "htmlName": "failed",
    "count": 0,
    "percentage": 0
},
    "meanNumberOfRequestsPerSecond": {
        "total": 0.2222222222222222,
        "ok": 0.2222222222222222,
        "ko": 0
    }
}
    },"req_post-redirect-1-249373805": {
        "type": "REQUEST",
        "name": "Post Redirect 1",
"path": "Post Redirect 1",
"pathFormatted": "req_post-redirect-1-249373805",
"stats": {
    "name": "Post Redirect 1",
    "numberOfRequests": {
        "total": 4,
        "ok": 2,
        "ko": 2
    },
    "minResponseTime": {
        "total": 145,
        "ok": 145,
        "ko": 145
    },
    "maxResponseTime": {
        "total": 151,
        "ok": 149,
        "ko": 151
    },
    "meanResponseTime": {
        "total": 148,
        "ok": 147,
        "ko": 148
    },
    "standardDeviation": {
        "total": 3,
        "ok": 2,
        "ko": 3
    },
    "percentiles1": {
        "total": 147,
        "ok": 147,
        "ko": 148
    },
    "percentiles2": {
        "total": 150,
        "ok": 148,
        "ko": 150
    },
    "percentiles3": {
        "total": 151,
        "ok": 149,
        "ko": 151
    },
    "percentiles4": {
        "total": 151,
        "ok": 149,
        "ko": 151
    },
    "group1": {
    "name": "t < 800 ms",
    "htmlName": "t < 800 ms",
    "count": 2,
    "percentage": 50
},
    "group2": {
    "name": "800 ms <= t < 1200 ms",
    "htmlName": "t >= 800 ms <br> t < 1200 ms",
    "count": 0,
    "percentage": 0
},
    "group3": {
    "name": "t >= 1200 ms",
    "htmlName": "t >= 1200 ms",
    "count": 0,
    "percentage": 0
},
    "group4": {
    "name": "failed",
    "htmlName": "failed",
    "count": 2,
    "percentage": 50
},
    "meanNumberOfRequestsPerSecond": {
        "total": 0.2222222222222222,
        "ok": 0.1111111111111111,
        "ko": 0.1111111111111111
    }
}
    }
}

}